intervention_group,outcome_cvd_numeric,adherence_pct,adverse_events
control,0.33652981720107883,60.826191189691336,0.06892418339826191
treatment a,0.319482083709726,60.223727792833486,0.18909966877446552
treatment b,0.3336325553560742,61.02004787552364,0.17863554757630162
