site,patient_id,age,bmi
site a,2956,81.20196211096076,26.26606901217862
site b,2453,80.40847941296371,26.17423562984101
site c,2073,80.65557163531115,26.3260492040521
site d,1501,80.71885409726849,26.322118587608262
site e,1017,80.33923303834808,26.330186823992133
